Primeiro nome,Sobrenome,Apresentar como,Apelido,E-mail primário,E-mail secundário,Nome de tela,Telefone comercial,Telefone residencial,Número do fax,Número do pager,Número celular,Endereço,Endereço 2,Cidade,Estado,CEP,País,Endereço de trabalho,Endereço de trabalho 2,Cidade de trabalho,Estado de trabalho,CEP de trabalho,País de trabalho,Cargo,Setor,Empresa,Página da web 1,Página da web 2,Ano de nascimento,Mês de nascimento,Nascimento,Personalizado 1,Personalizado 2,Personalizado 3,Personalizado 4,Observações,
fantasia,,fantasia,,fantasia@terra.com.br,,,,,,,,,,,,,,,,,,,,,,,,,,,,,,,,,
Itajai,,Itajai,,itajai@itajai.com.br,,,,,,,,,,,,,,,,,,,,,,,,,,,,,,,,,
plastico,,plastico,,plasticos@gmail.com,,,,,,,,,,,,,,,,,,,,,,,,,,,,,,,,,
Jackson,,Jackson,,jackson@hotmail.com,,,,,,,,,,,,,,,,,,,,,,,,,,,,,,,,,
manuel.dos.santos,,manuel.dos.santos,,manuel.dos.santos@hotmail.com,,,,,,,,,,,,,,,,,,,,,,,,,,,,,,,,,
